<?xml version="1.0" encoding="UTF-8"?>
<site>
   <description name="Mura Tools" url="http://muratools.com/">
      The Mura Tools suite.
   </description>
   <feature url="features/com.muratools.eclipse.feature_1.2.2.201107021014.jar" id="com.muratools.eclipse.feature" version="1.2.2.201107021014">
      <category name="Mura Tools (Required)"/>
   </feature>
   <category-def name="Mura Tools (Required)" label="Mura Tools (Required)">
      <description>
         The Mura Tools suite provides helpers for rapidly developing for Mura CMS.
      </description>
   </category-def>
</site>
